{
    "s_score": 0.024263896406005615,
    "d_score": 0.010392109290074104,
    "c_score": 0.013871787115931511
}