{
    "s_score": 0.037506197100615465,
    "d_score": 0.017653221717214552,
    "c_score": 0.019852975383400917
}