{
    "s_score": 0.31859882765730596,
    "d_score": 0.23672508293112493,
    "c_score": 0.08187374472618103
}