{
    "s_score": 0.47840357610507256,
    "d_score": 0.387009613602593,
    "c_score": 0.09139396250247955
}