{
    "s_score": 0.4385452994996216,
    "d_score": 0.3242086002522614,
    "c_score": 0.11433669924736023
}