{
    "s_score": 0.7540144076877223,
    "d_score": 0.5408031395011531,
    "c_score": 0.2132112681865692
}