{
    "s_score": 0.9204815608885171,
    "d_score": 0.6331020278360726,
    "c_score": 0.28737953305244446
}