{
    "s_score": 0.9273877500943496,
    "d_score": 0.6741914212159469,
    "c_score": 0.2531963288784027
}