{
    "s_score": 0.9874810319892419,
    "d_score": 0.693669949149276,
    "c_score": 0.2938110828399658
}