{
    "s_score": 0.9871619630355388,
    "d_score": 0.6532072413463146,
    "c_score": 0.33395472168922424
}