{
    "s_score": 0.9889179656688667,
    "d_score": 0.640081543702314,
    "c_score": 0.34883642196655273
}