{
    "s_score": 1.0213720541954063,
    "d_score": 0.678162876939776,
    "c_score": 0.3432091772556305
}