{
    "s_score": 0.06484378934379625,
    "d_score": 0.04523074873264838,
    "c_score": 0.01961304061114788
}