{
    "s_score": 0.9831792264061849,
    "d_score": 0.6365085094052236,
    "c_score": 0.3466707170009613
}