{
    "s_score": 0.9365745125417445,
    "d_score": 0.6143828867082332,
    "c_score": 0.32219162583351135
}