{
    "s_score": 0.8740068937459371,
    "d_score": 0.5667283798375509,
    "c_score": 0.30727851390838623
}