{
    "s_score": 0.8072854525736638,
    "d_score": 0.5099024719885655,
    "c_score": 0.29738298058509827
}