{
    "s_score": 0.8092472490350208,
    "d_score": 0.5076534089127979,
    "c_score": 0.3015938401222229
}