{
    "s_score": 0.8059489204486558,
    "d_score": 0.5067990197738359,
    "c_score": 0.29914990067481995
}