{
    "s_score": 0.841364890119361,
    "d_score": 0.5350808499067298,
    "c_score": 0.3062840402126312
}