{
    "s_score": 0.8806989531946883,
    "d_score": 0.5796861093474135,
    "c_score": 0.3010128438472748
}