{
    "s_score": 0.10039011129009012,
    "d_score": 0.06789582335221056,
    "c_score": 0.03249428793787956
}