{
    "s_score": 0.2941783347391642,
    "d_score": 0.24177777927751906,
    "c_score": 0.052400555461645126
}