{
    "s_score": 0.45145079439460173,
    "d_score": 0.38364063894330397,
    "c_score": 0.06781015545129776
}