{
    "s_score": 0.30059353264455546,
    "d_score": 0.23169992866401426,
    "c_score": 0.06889360398054123
}