{
    "s_score": 0.3098423296336785,
    "d_score": 0.23616619051739127,
    "c_score": 0.07367613911628723
}