{
    "s_score": 0.3147762063231532,
    "d_score": 0.24918578744793574,
    "c_score": 0.06559041887521744
}