{
    "s_score": 0.38315950702845547,
    "d_score": 0.3129965923350999,
    "c_score": 0.07016291469335556
}