{
    "s_score": 0.01908197140446554,
    "d_score": 0.007644290832194195,
    "c_score": 0.011437680572271347
}