{
    "s_score": 0.05043545924247527,
    "d_score": 0.033715886996400594,
    "c_score": 0.016719572246074677
}