{
    "s_score": 0.20115393112582675,
    "d_score": 0.11780232648534288,
    "c_score": 0.08335160464048386
}