{
    "s_score": 0.36892808395116544,
    "d_score": 0.27262958305566526,
    "c_score": 0.09629850089550018
}