{
    "s_score": 0.6564836788114196,
    "d_score": 0.4966308015521651,
    "c_score": 0.15985287725925446
}