{
    "s_score": 0.7637980013773037,
    "d_score": 0.5621640860721661,
    "c_score": 0.20163391530513763
}