{
    "s_score": 0.8858153441844832,
    "d_score": 0.6195577600894819,
    "c_score": 0.2662575840950012
}