{
    "s_score": 0.9188537386572642,
    "d_score": 0.6731674907124323,
    "c_score": 0.24568624794483185
}