{
    "s_score": 0.977459488592095,
    "d_score": 0.6716114861583181,
    "c_score": 0.30584800243377686
}