{
    "s_score": 0.956740662669169,
    "d_score": 0.6263400467386118,
    "c_score": 0.33040061593055725
}