{
    "s_score": 0.9431073395297391,
    "d_score": 0.602909359125839,
    "c_score": 0.34019798040390015
}