{
    "s_score": 0.9712969852103556,
    "d_score": 0.6423752499236429,
    "c_score": 0.32892173528671265
}