{
    "s_score": 0.11329147003359927,
    "d_score": 0.09644057385392321,
    "c_score": 0.016850896179676056
}