{
    "s_score": 0.9456776062003387,
    "d_score": 0.6188592294207824,
    "c_score": 0.3268183767795563
}