{
    "s_score": 0.9265720227933587,
    "d_score": 0.6175940910554589,
    "c_score": 0.3089779317378998
}