{
    "s_score": 0.8895834478881672,
    "d_score": 0.5942446980026082,
    "c_score": 0.2953387498855591
}