{
    "s_score": 0.8365583724670941,
    "d_score": 0.5495827800922924,
    "c_score": 0.28697559237480164
}