{
    "s_score": 0.8278139110796744,
    "d_score": 0.5363902624838645,
    "c_score": 0.29142364859580994
}