{
    "s_score": 0.8344717041562817,
    "d_score": 0.5422579065870068,
    "c_score": 0.2922137975692749
}