{
    "s_score": 0.8628748064508307,
    "d_score": 0.5651438837518561,
    "c_score": 0.2977309226989746
}