{
    "s_score": 0.9009193684736304,
    "d_score": 0.6158276106992774,
    "c_score": 0.285091757774353
}