{
    "s_score": 0.20689295361232324,
    "d_score": 0.18090920838009877,
    "c_score": 0.025983745232224464
}