{
    "s_score": 0.397243570893842,
    "d_score": 0.35546629911645056,
    "c_score": 0.041777271777391434
}