{
    "s_score": 0.39421911998117254,
    "d_score": 0.3358148419710426,
    "c_score": 0.05840427801012993
}