{
    "s_score": 0.20615784787524458,
    "d_score": 0.14527774938333746,
    "c_score": 0.06088009849190712
}