{
    "s_score": 0.24780743514202885,
    "d_score": 0.1840771505703812,
    "c_score": 0.06373028457164764
}