{
    "s_score": 0.2769687577884976,
    "d_score": 0.2199600405793969,
    "c_score": 0.05700871720910072
}