{
    "s_score": 0.2964157121582882,
    "d_score": 0.21892065129717755,
    "c_score": 0.07749506086111069
}