{
    "s_score": 0.015350349990916903,
    "d_score": 0.005642343124640639,
    "c_score": 0.009708006866276264
}