{
    "s_score": 0.015522218518824614,
    "d_score": 0.0030468778916907676,
    "c_score": 0.012475340627133846
}