{
    "s_score": 0.3437158002125407,
    "d_score": 0.21380044357649336,
    "c_score": 0.12991535663604736
}