{
    "s_score": 0.49091849938130777,
    "d_score": 0.3554770918200056,
    "c_score": 0.13544140756130219
}