{
    "s_score": 0.8552063949691426,
    "d_score": 0.6424399860488545,
    "c_score": 0.21276640892028809
}