{
    "s_score": 1.0667378722319092,
    "d_score": 0.8024698613771881,
    "c_score": 0.26426801085472107
}