{
    "s_score": 1.1877862506514358,
    "d_score": 0.8303685479765701,
    "c_score": 0.3574177026748657
}