{
    "s_score": 1.1731519423499575,
    "d_score": 0.8518409453406802,
    "c_score": 0.32131099700927734
}