{
    "s_score": 1.221639018924235,
    "d_score": 0.8654952165198313,
    "c_score": 0.3561438024044037
}