{
    "s_score": 1.1452288655761564,
    "d_score": 0.788818183374771,
    "c_score": 0.3564106822013855
}