{
    "s_score": 1.073062994259673,
    "d_score": 0.7137986204803761,
    "c_score": 0.3592643737792969
}