{
    "s_score": 1.0512016130768274,
    "d_score": 0.7071407152496788,
    "c_score": 0.34406089782714844
}