{
    "s_score": 0.04329088483431452,
    "d_score": 0.0304834234012019,
    "c_score": 0.012807461433112621
}