{
    "s_score": 1.0189876217419647,
    "d_score": 0.6776066977555296,
    "c_score": 0.34138092398643494
}