{
    "s_score": 0.9929328228263031,
    "d_score": 0.6735724176196228,
    "c_score": 0.3193604052066803
}