{
    "s_score": 0.9382839915368004,
    "d_score": 0.6357357320401116,
    "c_score": 0.30254825949668884
}