{
    "s_score": 0.8538856486089984,
    "d_score": 0.5654520670183459,
    "c_score": 0.28843358159065247
}