{
    "s_score": 0.8374357566180327,
    "d_score": 0.5466675504984954,
    "c_score": 0.29076820611953735
}