{
    "s_score": 0.8406970495422851,
    "d_score": 0.5513576859673034,
    "c_score": 0.2893393635749817
}