{
    "s_score": 0.8685466923149817,
    "d_score": 0.5749431230458014,
    "c_score": 0.2936035692691803
}