{
    "s_score": 0.9059291130308337,
    "d_score": 0.6282784885172076,
    "c_score": 0.2776506245136261
}