{
    "s_score": 0.0463276728970826,
    "d_score": 0.026950074358087817,
    "c_score": 0.01937759853899479
}