{
    "s_score": 0.12268971772053855,
    "d_score": 0.0976247240708174,
    "c_score": 0.025064993649721146
}