{
    "s_score": 0.15731918999107805,
    "d_score": 0.12239930593522516,
    "c_score": 0.03491988405585289
}