{
    "s_score": 0.21502612082528264,
    "d_score": 0.14487798063325077,
    "c_score": 0.07014814019203186
}