{
    "s_score": 0.2101530343214968,
    "d_score": 0.13234945981902868,
    "c_score": 0.07780357450246811
}