{
    "s_score": 0.2620605861829358,
    "d_score": 0.19420440104471023,
    "c_score": 0.06785618513822556
}