{
    "s_score": 0.24357492157592137,
    "d_score": 0.144819971708196,
    "c_score": 0.09875494986772537
}