{
    "s_score": 0.013975865366897721,
    "d_score": 0.004316781806788582,
    "c_score": 0.009659083560109138
}