{
    "s_score": 0.08427976499847771,
    "d_score": 0.0702680401464522,
    "c_score": 0.014011724852025509
}