{
    "s_score": 0.5533725959677517,
    "d_score": 0.4297909331936657,
    "c_score": 0.123581662774086
}