{
    "s_score": 0.8440201940676922,
    "d_score": 0.713112598910069,
    "c_score": 0.1309075951576233
}