{
    "s_score": 0.6421987354295836,
    "d_score": 0.5048258244531737,
    "c_score": 0.1373729109764099
}