{
    "s_score": 1.0397648824218169,
    "d_score": 0.7969529790643111,
    "c_score": 0.2428119033575058
}