{
    "s_score": 1.1293332111631709,
    "d_score": 0.7961101960932093,
    "c_score": 0.33322301506996155
}