{
    "s_score": 1.1267441733432226,
    "d_score": 0.8397454841685705,
    "c_score": 0.2869986891746521
}