{
    "s_score": 1.150084700756366,
    "d_score": 0.8476105894377777,
    "c_score": 0.30247411131858826
}