{
    "s_score": 0.9422157969336793,
    "d_score": 0.6303400661807343,
    "c_score": 0.31187573075294495
}