{
    "s_score": 0.8411105677312439,
    "d_score": 0.5267351969903534,
    "c_score": 0.3143753707408905
}