{
    "s_score": 0.8413868020135428,
    "d_score": 0.5356007288056875,
    "c_score": 0.3057860732078552
}