{
    "s_score": 0.058738716653302506,
    "d_score": 0.04699673294903357,
    "c_score": 0.011741983704268932
}