{
    "s_score": 0.7802422429343999,
    "d_score": 0.48240391266554006,
    "c_score": 0.29783833026885986
}