{
    "s_score": 0.7398442294381008,
    "d_score": 0.46283480189064596,
    "c_score": 0.27700942754745483
}