{
    "s_score": 0.6571015580057169,
    "d_score": 0.39889229968776957,
    "c_score": 0.2582092583179474
}