{
    "s_score": 0.5630356092155229,
    "d_score": 0.32374128887059794,
    "c_score": 0.23929432034492493
}