{
    "s_score": 0.553362976745243,
    "d_score": 0.3134485445772361,
    "c_score": 0.2399144321680069
}