{
    "s_score": 0.5602264542344226,
    "d_score": 0.32010739932090176,
    "c_score": 0.2401190549135208
}