{
    "s_score": 0.5756997001818112,
    "d_score": 0.33013561195644653,
    "c_score": 0.24556408822536469
}