{
    "s_score": 0.5652109433550297,
    "d_score": 0.32834366454071395,
    "c_score": 0.2368672788143158
}