{
    "s_score": 0.3109309754720548,
    "d_score": 0.2898355356803754,
    "c_score": 0.021095439791679382
}