{
    "s_score": 0.32106347442552596,
    "d_score": 0.2845081394998744,
    "c_score": 0.03655533492565155
}