{
    "s_score": 0.32042694109030767,
    "d_score": 0.28046054410286947,
    "c_score": 0.0399663969874382
}