{
    "s_score": 0.0829162735612864,
    "d_score": 0.043249162671136335,
    "c_score": 0.03966711089015007
}