{
    "s_score": 0.08713861274414224,
    "d_score": 0.04404599311642808,
    "c_score": 0.04309261962771416
}