{
    "s_score": 0.19149207930828321,
    "d_score": 0.14634772624636877,
    "c_score": 0.045144353061914444
}