{
    "s_score": 0.24085622699397102,
    "d_score": 0.17037169308798805,
    "c_score": 0.07048453390598297
}