{
    "s_score": 0.022937398376589306,
    "d_score": 0.013887294540827759,
    "c_score": 0.009050103835761547
}