{
    "s_score": 0.07769216147823704,
    "d_score": 0.06452978325648678,
    "c_score": 0.01316237822175026
}