{
    "s_score": 0.18345892167440336,
    "d_score": 0.0978851366674034,
    "c_score": 0.08557378500699997
}