{
    "s_score": 0.3318414254048606,
    "d_score": 0.23822124432118139,
    "c_score": 0.0936201810836792
}