{
    "s_score": 0.5739249003562144,
    "d_score": 0.4113327426346949,
    "c_score": 0.16259215772151947
}