{
    "s_score": 0.8218528480983772,
    "d_score": 0.6271823050237694,
    "c_score": 0.19467054307460785
}