{
    "s_score": 0.7843691760137078,
    "d_score": 0.5343468540742394,
    "c_score": 0.2500223219394684
}