{
    "s_score": 0.8502349456287158,
    "d_score": 0.619249408457352,
    "c_score": 0.23098553717136383
}