{
    "s_score": 0.8856307981807348,
    "d_score": 0.6070971308547612,
    "c_score": 0.2785336673259735
}