{
    "s_score": 0.811083660546287,
    "d_score": 0.5211135308179697,
    "c_score": 0.28997012972831726
}