{
    "s_score": 0.7912404547496976,
    "d_score": 0.4934109161659421,
    "c_score": 0.2978295385837555
}