{
    "s_score": 0.805336111075586,
    "d_score": 0.5196698837348878,
    "c_score": 0.28566622734069824
}