{
    "s_score": 0.039063304662444995,
    "d_score": 0.025886122137048644,
    "c_score": 0.013177182525396347
}