{
    "s_score": 0.7685359450118671,
    "d_score": 0.486575427843822,
    "c_score": 0.28196051716804504
}