{
    "s_score": 0.7596610845250051,
    "d_score": 0.49235270034493617,
    "c_score": 0.26730838418006897
}