{
    "s_score": 0.7229734255886331,
    "d_score": 0.4683610989666238,
    "c_score": 0.2546123266220093
}