{
    "s_score": 0.646401809908695,
    "d_score": 0.405096011616535,
    "c_score": 0.24130579829216003
}