{
    "s_score": 0.644549499295469,
    "d_score": 0.39875600769352504,
    "c_score": 0.24579349160194397
}