{
    "s_score": 0.6569739462465705,
    "d_score": 0.4105777324766578,
    "c_score": 0.24639621376991272
}