{
    "s_score": 0.681568257560294,
    "d_score": 0.43046375369028367,
    "c_score": 0.2511045038700104
}