{
    "s_score": 0.7248138372564539,
    "d_score": 0.48586859151365597,
    "c_score": 0.23894524574279785
}