{
    "s_score": 0.1948497437599355,
    "d_score": 0.1740816768917495,
    "c_score": 0.020768066868185997
}