{
    "s_score": 0.21405039957149255,
    "d_score": 0.17965327060206163,
    "c_score": 0.03439712896943092
}