{
    "s_score": 0.34583189704186107,
    "d_score": 0.2995325698769727,
    "c_score": 0.04629932716488838
}