{
    "s_score": 0.12943962675073617,
    "d_score": 0.07886386376359933,
    "c_score": 0.05057576298713684
}