{
    "s_score": 0.129046262634578,
    "d_score": 0.07533550022322202,
    "c_score": 0.05371076241135597
}