{
    "s_score": 0.16933558501734441,
    "d_score": 0.1207121721698255,
    "c_score": 0.04862341284751892
}