{
    "s_score": 0.12808840278053626,
    "d_score": 0.06432996246481285,
    "c_score": 0.06375844031572342
}