{
    "s_score": 0.06730995894682978,
    "d_score": 0.03675917172146414,
    "c_score": 0.03055078722536564
}