{
    "s_score": 0.07392207167327797,
    "d_score": 0.03652924305975829,
    "c_score": 0.03739282861351967
}