{
    "s_score": 0.477066231363212,
    "d_score": 0.3397155827216257,
    "c_score": 0.1373506486415863
}