{
    "s_score": 0.6833273441402178,
    "d_score": 0.530687970003293,
    "c_score": 0.15263937413692474
}