{
    "s_score": 0.8726495079694585,
    "d_score": 0.6387697927652196,
    "c_score": 0.2338797152042389
}