{
    "s_score": 1.0290186947935493,
    "d_score": 0.7792787051552208,
    "c_score": 0.24973998963832855
}