{
    "s_score": 1.02466137726789,
    "d_score": 0.7066646965313483,
    "c_score": 0.31799668073654175
}