{
    "s_score": 1.0492242755925543,
    "d_score": 0.7572443368470556,
    "c_score": 0.29197993874549866
}