{
    "s_score": 1.0766149426591738,
    "d_score": 0.7652371491086825,
    "c_score": 0.31137779355049133
}