{
    "s_score": 0.9348479344548769,
    "d_score": 0.6189533903302736,
    "c_score": 0.31589454412460327
}