{
    "s_score": 0.8396324613904691,
    "d_score": 0.5183787146424985,
    "c_score": 0.3212537467479706
}