{
    "s_score": 0.8220233836698754,
    "d_score": 0.5077514269876702,
    "c_score": 0.3142719566822052
}