{
    "s_score": 0.3258478845479583,
    "d_score": 0.29267594395304675,
    "c_score": 0.033171940594911575
}