{
    "s_score": 0.79611735539221,
    "d_score": 0.4865398903348369,
    "c_score": 0.30957746505737305
}