{
    "s_score": 0.759169383225545,
    "d_score": 0.4712650014735308,
    "c_score": 0.28790438175201416
}