{
    "s_score": 0.6961438159298536,
    "d_score": 0.4278642634701369,
    "c_score": 0.2682795524597168
}