{
    "s_score": 0.6363170198070938,
    "d_score": 0.3796639195549423,
    "c_score": 0.2566531002521515
}