{
    "s_score": 0.6316230844332965,
    "d_score": 0.3734734903647693,
    "c_score": 0.2581495940685272
}