{
    "s_score": 0.6531654350470678,
    "d_score": 0.39188331887236993,
    "c_score": 0.2612821161746979
}