{
    "s_score": 0.6812131141964755,
    "d_score": 0.4135099982563815,
    "c_score": 0.267703115940094
}