{
    "s_score": 0.6661325086801846,
    "d_score": 0.4229869534223874,
    "c_score": 0.24314555525779724
}