{
    "s_score": 0.2664558513476639,
    "d_score": 0.22248875707528884,
    "c_score": 0.04396709427237511
}