{
    "s_score": 0.289920165623844,
    "d_score": 0.2371676112071875,
    "c_score": 0.052752554416656494
}