{
    "s_score": 0.47575174577608415,
    "d_score": 0.40885982222929307,
    "c_score": 0.06689192354679108
}