{
    "s_score": 0.3978670657576423,
    "d_score": 0.3163311303557258,
    "c_score": 0.0815359354019165
}