{
    "s_score": 0.36080724484537213,
    "d_score": 0.2755877274951753,
    "c_score": 0.08521951735019684
}