{
    "s_score": 0.4211674222674258,
    "d_score": 0.3426130527582057,
    "c_score": 0.07855436950922012
}