{
    "s_score": 0.44176105711447033,
    "d_score": 0.33203290704475674,
    "c_score": 0.10972815006971359
}